timeStamp,elapsed,label,responseCode,responseMessage,threadName,dataType,success,failureMessage,bytes,sentBytes,grpThreads,allThreads,URL,Latency,IdleTime,Connect
1693550506999,1337,Get All Users,200,OK,Users 1-10,text,true,,2452,249,20,20,https://gorest.co.in/public/v2/users,1329,0,1007
1693550507168,1193,Get All Users,200,OK,Users 1-13,text,true,,2458,249,20,20,https://gorest.co.in/public/v2/users,1181,0,838
1693550506940,1434,Get All Users,200,OK,Users 1-9,text,true,,2454,249,20,20,https://gorest.co.in/public/v2/users,1433,0,1107
1693550507191,1199,Get All Users,200,OK,Users 1-14,text,true,,2454,249,20,20,https://gorest.co.in/public/v2/users,1196,0,876
1693550507276,1161,Get All Users,200,OK,Users 1-16,text,true,,2466,249,20,20,https://gorest.co.in/public/v2/users,1158,0,801
1693550506713,1734,Get All Users,200,OK,Users 1-1,text,false,"The operation lasted too long: It took 1,734 milliseconds, but should not have lasted longer than 1,500 milliseconds.",2454,249,20,20,https://gorest.co.in/public/v2/users,1734,0,1419
1693550506713,1762,Get All Users,200,OK,Users 1-2,text,false,"The operation lasted too long: It took 1,762 milliseconds, but should not have lasted longer than 1,500 milliseconds.",2452,249,20,20,https://gorest.co.in/public/v2/users,1751,0,1397
1693550506714,1895,Get All Users,200,OK,Users 1-3,text,false,"The operation lasted too long: It took 1,895 milliseconds, but should not have lasted longer than 1,500 milliseconds.",2458,249,20,20,https://gorest.co.in/public/v2/users,1894,0,1291
1693550508340,334,Get 1 User,200,OK,Users 1-10,text,true,,1153,257,20,20,https://gorest.co.in/public/v2/users/4975197,334,0,0
1693550507514,1175,Get All Users,200,OK,Users 1-19,text,true,,2454,249,20,20,https://gorest.co.in/public/v2/users,1175,0,521
1693550508391,308,Get 1 User,200,OK,Users 1-14,text,true,,1149,257,20,20,https://gorest.co.in/public/v2/users/4975197,300,0,0
1693550506799,1901,Get All Users,200,OK,Users 1-6,text,false,"The operation lasted too long: It took 1,901 milliseconds, but should not have lasted longer than 1,500 milliseconds.",2458,249,20,20,https://gorest.co.in/public/v2/users,1900,0,1208
1693550507378,1330,Get All Users,200,OK,Users 1-18,text,true,,2456,249,20,20,https://gorest.co.in/public/v2/users,1322,0,628
1693550507230,1498,Get All Users,200,OK,Users 1-15,text,true,,2450,249,20,20,https://gorest.co.in/public/v2/users,1498,0,777
1693550506746,2032,Get All Users,200,OK,Users 1-5,text,false,"The operation lasted too long: It took 2,032 milliseconds, but should not have lasted longer than 1,500 milliseconds.",2460,249,20,20,https://gorest.co.in/public/v2/users,2029,0,1266
1693550506844,1934,Get All Users,200,OK,Users 1-7,text,false,"The operation lasted too long: It took 1,934 milliseconds, but should not have lasted longer than 1,500 milliseconds.",2454,249,20,20,https://gorest.co.in/public/v2/users,1934,0,1300
1693550506891,1924,Get All Users,200,OK,Users 1-8,text,false,"The operation lasted too long: It took 1,924 milliseconds, but should not have lasted longer than 1,500 milliseconds.",2460,249,20,20,https://gorest.co.in/public/v2/users,1923,0,1209
1693550506714,2117,Get All Users,200,OK,Users 1-4,text,false,"The operation lasted too long: It took 2,117 milliseconds, but should not have lasted longer than 1,500 milliseconds.",2456,249,20,20,https://gorest.co.in/public/v2/users,2116,0,1423
1693550508690,172,Get 1 User,200,OK,Users 1-19,text,true,,1147,257,20,20,https://gorest.co.in/public/v2/users/4975197,172,0,0
1693550507327,1536,Get All Users,200,OK,Users 1-17,text,false,"The operation lasted too long: It took 1,536 milliseconds, but should not have lasted longer than 1,500 milliseconds.",2452,249,20,20,https://gorest.co.in/public/v2/users,1536,0,720
1693550508701,277,Get 1 User,200,OK,Users 1-6,text,true,,1149,257,20,20,https://gorest.co.in/public/v2/users/4975197,277,0,0
1693550508611,379,Get 1 User,200,OK,Users 1-3,text,true,,1145,257,20,20,https://gorest.co.in/public/v2/users/4975197,378,0,0
1693550508863,165,Get All Users,200,OK,Users 1-19,text,true,,2452,249,20,20,https://gorest.co.in/public/v2/users,165,0,0
1693550508816,253,Get 1 User,200,OK,Users 1-8,text,true,,1153,257,20,20,https://gorest.co.in/public/v2/users/4975197,249,0,0
1693550508675,474,Get All Users,200,OK,Users 1-10,text,true,,2464,249,20,20,https://gorest.co.in/public/v2/users,474,0,0
1693550508729,446,Get 1 User,200,OK,Users 1-15,text,true,,1147,257,20,20,https://gorest.co.in/public/v2/users/4975197,446,0,0
1693550508833,343,Get 1 User,200,OK,Users 1-4,text,true,,1145,257,20,20,https://gorest.co.in/public/v2/users/4975197,342,0,0
1693550508709,500,Get 1 User,200,OK,Users 1-18,text,true,,1149,257,20,20,https://gorest.co.in/public/v2/users/4975197,500,0,0
1693550509029,202,Get 1 User,200,OK,Users 1-19,text,true,,1151,257,20,20,https://gorest.co.in/public/v2/users/4975197,198,0,0
1693550508991,270,Get All Users,200,OK,Users 1-3,text,true,,2462,249,19,19,https://gorest.co.in/public/v2/users,270,0,0
1693550508700,590,Get All Users,200,OK,Users 1-14,text,true,,2456,249,19,19,https://gorest.co.in/public/v2/users,587,0,0
1693550507531,1827,Get All Users,200,OK,Users 1-20,text,false,"The operation lasted too long: It took 1,827 milliseconds, but should not have lasted longer than 1,500 milliseconds.",2458,249,19,19,https://gorest.co.in/public/v2/users,1823,0,487
1693550509070,299,Get All Users,200,OK,Users 1-8,text,true,,2450,249,19,19,https://gorest.co.in/public/v2/users,297,0,0
1693550507086,2317,Get All Users,200,OK,Users 1-12,text,false,"The operation lasted too long: It took 2,317 milliseconds, but should not have lasted longer than 1,500 milliseconds.",2456,249,19,19,https://gorest.co.in/public/v2/users,2317,0,1006
1693550508779,629,Get 1 User,200,OK,Users 1-5,text,true,,1147,257,19,19,https://gorest.co.in/public/v2/users/4975197,628,0,0
1693550507037,2374,Get All Users,200,OK,Users 1-11,text,false,"The operation lasted too long: It took 2,374 milliseconds, but should not have lasted longer than 1,500 milliseconds.",2464,249,19,19,https://gorest.co.in/public/v2/users,2372,0,1097
1693550509177,281,Get All Users,200,OK,Users 1-4,text,true,,2454,249,19,19,https://gorest.co.in/public/v2/users,281,0,0
1693550509210,269,Get All Users,200,OK,Users 1-18,text,true,,2456,249,19,19,https://gorest.co.in/public/v2/users,265,0,0
1693550509263,248,Get 1 User,200,OK,Users 1-3,text,true,,1153,257,19,19,https://gorest.co.in/public/v2/users/4975197,242,0,0
1693550508979,627,Get All Users,200,OK,Users 1-6,text,true,,2462,249,18,18,https://gorest.co.in/public/v2/users,623,0,0
1693550509177,457,Get All Users,200,OK,Users 1-15,text,true,,2458,249,18,18,https://gorest.co.in/public/v2/users,456,0,0
1693550509479,179,Get 1 User,200,OK,Users 1-18,text,true,,1148,257,18,18,https://gorest.co.in/public/v2/users/4975197,176,0,0
1693550509370,316,Get 1 User,200,OK,Users 1-8,text,true,,1152,257,17,17,https://gorest.co.in/public/v2/users/4975197,310,0,0
1693550508779,915,Get 1 User,200,OK,Users 1-7,text,true,,1145,257,16,16,https://gorest.co.in/public/v2/users/4975197,915,0,0
1693550509404,305,Get 1 User,200,OK,Users 1-12,text,true,,1148,257,16,16,https://gorest.co.in/public/v2/users/4975197,305,0,0
1693550509635,131,Get 1 User,200,OK,Users 1-15,text,true,,1152,257,16,16,https://gorest.co.in/public/v2/users/4975197,131,0,0
1693550509151,670,Get 1 User,200,OK,Users 1-10,text,true,,1149,257,15,15,https://gorest.co.in/public/v2/users/4975197,669,0,0
1693550509291,604,Get 1 User,200,OK,Users 1-14,text,true,,1148,257,14,14,https://gorest.co.in/public/v2/users/4975197,600,0,0
1693550509360,610,Get 1 User,200,OK,Users 1-20,text,true,,1148,257,13,13,https://gorest.co.in/public/v2/users/4975197,609,0,0
1693550509459,517,Get 1 User,200,OK,Users 1-4,text,true,,1152,257,13,13,https://gorest.co.in/public/v2/users/4975197,512,0,0
1693550509408,573,Get All Users,200,OK,Users 1-5,text,true,,2451,249,12,12,https://gorest.co.in/public/v2/users,568,0,0
1693550509971,186,Get All Users,200,OK,Users 1-20,text,true,,2457,249,12,12,https://gorest.co.in/public/v2/users,185,0,0
1693550509981,246,Get 1 User,200,OK,Users 1-5,text,true,,1152,257,12,12,https://gorest.co.in/public/v2/users/4975197,246,0,0
1693550508362,1865,Get 1 User,200,OK,Users 1-13,text,false,"The operation lasted too long: It took 1,865 milliseconds, but should not have lasted longer than 1,500 milliseconds.",1146,257,12,12,https://gorest.co.in/public/v2/users/4975197,1864,0,0
1693550509710,530,Get All Users,200,OK,Users 1-12,text,true,,2451,249,11,11,https://gorest.co.in/public/v2/users,523,0,0
1693550509607,642,Get 1 User,200,OK,Users 1-6,text,true,,1148,257,11,11,https://gorest.co.in/public/v2/users/4975197,642,0,0
1693550509695,615,Get All Users,200,OK,Users 1-7,text,true,,2461,249,10,10,https://gorest.co.in/public/v2/users,604,0,0
1693550510158,416,Get 1 User,200,OK,Users 1-20,text,true,,1154,257,10,10,https://gorest.co.in/public/v2/users/4975197,416,0,0
1693550510241,442,Get 1 User,200,OK,Users 1-12,text,true,,1152,257,9,9,https://gorest.co.in/public/v2/users/4975197,436,0,0
1693550508864,2056,Get 1 User,200,OK,Users 1-17,text,false,"The operation lasted too long: It took 2,056 milliseconds, but should not have lasted longer than 1,500 milliseconds.",1150,257,8,8,https://gorest.co.in/public/v2/users/4975197,2050,0,0
1693550510311,650,Get 1 User,200,OK,Users 1-7,text,true,,1148,257,8,8,https://gorest.co.in/public/v2/users/4975197,650,0,0
1693550508438,2577,Get 1 User,200,OK,Users 1-16,text,false,"The operation lasted too long: It took 2,577 milliseconds, but should not have lasted longer than 1,500 milliseconds.",1152,257,7,7,https://gorest.co.in/public/v2/users/4975197,2577,0,0
1693550508450,2592,Get 1 User,200,OK,Users 1-1,text,false,"The operation lasted too long: It took 2,592 milliseconds, but should not have lasted longer than 1,500 milliseconds.",1144,257,7,7,https://gorest.co.in/public/v2/users/4975197,2592,0,0
1693550511016,169,Get All Users,200,OK,Users 1-16,text,true,,2451,249,7,7,https://gorest.co.in/public/v2/users,168,0,0
1693550510228,991,Get All Users,200,OK,Users 1-13,text,true,,2457,249,7,7,https://gorest.co.in/public/v2/users,979,0,0
1693550510922,305,Get All Users,200,OK,Users 1-17,text,true,,2459,249,7,7,https://gorest.co.in/public/v2/users,305,0,0
1693550511043,212,Get All Users,200,OK,Users 1-1,text,true,,2457,249,7,7,https://gorest.co.in/public/v2/users,207,0,0
1693550511256,149,Get 1 User,200,OK,Users 1-1,text,true,,1148,257,7,7,https://gorest.co.in/public/v2/users/4975197,149,0,0
1693550511187,365,Get 1 User,200,OK,Users 1-16,text,true,,1146,257,6,6,https://gorest.co.in/public/v2/users/4975197,365,0,0
1693550508375,3202,Get 1 User,200,OK,Users 1-9,text,false,"The operation lasted too long: It took 3,202 milliseconds, but should not have lasted longer than 1,500 milliseconds.",1152,257,5,5,https://gorest.co.in/public/v2/users/4975197,3135,0,0
1693550511220,539,Get 1 User,200,OK,Users 1-13,text,true,,1156,257,5,5,https://gorest.co.in/public/v2/users/4975197,539,0,0
1693550511578,253,Get All Users,200,OK,Users 1-9,text,true,,2455,249,4,4,https://gorest.co.in/public/v2/users,253,0,0
1693550511228,768,Get 1 User,200,OK,Users 1-17,text,true,,1154,257,4,4,https://gorest.co.in/public/v2/users/4975197,768,0,0
1693550511832,184,Get 1 User,200,OK,Users 1-9,text,true,,1148,257,3,3,https://gorest.co.in/public/v2/users/4975197,183,0,0
1693550508477,3602,Get 1 User,200,OK,Users 1-2,text,false,"The operation lasted too long: It took 3,602 milliseconds, but should not have lasted longer than 1,500 milliseconds.",1152,257,2,2,https://gorest.co.in/public/v2/users/4975197,3530,0,0
1693550512080,321,Get All Users,200,OK,Users 1-2,text,true,,2457,249,2,2,https://gorest.co.in/public/v2/users,242,0,0
1693550509411,3225,Get 1 User,200,OK,Users 1-11,text,false,"The operation lasted too long: It took 3,225 milliseconds, but should not have lasted longer than 1,500 milliseconds.",1154,257,2,2,https://gorest.co.in/public/v2/users/4975197,3120,0,0
1693550512401,367,Get 1 User,200,OK,Users 1-2,text,true,,1146,257,2,2,https://gorest.co.in/public/v2/users/4975197,273,0,0
1693550512637,164,Get All Users,200,OK,Users 1-11,text,true,,2453,249,1,1,https://gorest.co.in/public/v2/users,163,0,0
1693550512801,122,Get 1 User,200,OK,Users 1-11,text,true,,1156,257,1,1,https://gorest.co.in/public/v2/users/4975197,122,0,0
